Name,Date time,Maximum Temperature,Minimum Temperature,Temperature,Wind Chill,Heat Index,Precipitation,Snow Depth,Wind Speed,Wind Gust,Visibility,Cloud Cover,Relative Humidity,Conditions,datetimeStr,Weather Type
"Gatineau, QC, Canada",08/02/2020,23.1,19.2,21.0,,,36.0,,15.4,,20.9,0.2,88.05,Rain,,
"Gatineau, QC, Canada",08/03/2020,24.0,16.8,20.9,,,0.6,,24.9,39.8,20.6,0.9,79.59,Rain,,
"Gatineau, QC, Canada",08/04/2020,20.9,17.2,19.3,,,23.2,,15.6,,20.7,0.0,91.83,Rain,,
"Gatineau, QC, Canada",08/05/2020,22.9,17.7,19.7,,,1.4,,25.9,37.2,23.4,1.8,73.67,Rain,,
"Gatineau, QC, Canada",08/06/2020,24.9,14.7,19.5,,,0.0,,16.3,,24.0,3.5,63.98,Clear,,
"Gatineau, QC, Canada",08/07/2020,26.9,12.8,20.4,,26.7,0.0,,13.0,,24.0,3.5,67.17,Clear,,
"Gatineau, QC, Canada",08/08/2020,28.7,13.9,22.1,,28.4,0.0,,11.0,,24.0,1.6,67.09,Clear,,
"Gatineau, QC, Canada",08/09/2020,23.0,18.8,20.9,,,1.1,,17.9,,21.4,0.8,84.11,Rain,,
"Gatineau, QC, Canada",08/10/2020,28.9,17.6,22.4,,32.5,0.9,,17.0,27.7,14.3,0.6,86.31,Rain,,
"Gatineau, QC, Canada",08/11/2020,30.7,19.2,23.5,,33.5,7.6,,24.1,48.2,22.7,0.6,85.25,Rain,,
"Gatineau, QC, Canada",08/12/2020,29.8,18.0,23.6,,29.3,0.0,,12.0,,24.0,17.2,68.51,Clear,,
"Gatineau, QC, Canada",08/13/2020,29.5,16.5,23.3,,28.8,0.0,,18.5,29.5,24.0,18.4,61.76,Clear,,
"Gatineau, QC, Canada",08/14/2020,27.1,17.1,22.2,,26.7,0.0,,16.1,,24.0,3.1,58.58,Clear,,
"Gatineau, QC, Canada",08/15/2020,28.0,15.8,21.8,,28.1,0.0,,18.5,,24.0,2.7,65.06,Clear,,
"Gatineau, QC, Canada",08/16/2020,27.8,17.1,20.3,,28.7,22.6,,16.7,29.6,21.8,2.3,80.47,Rain,,
"Gatineau, QC, Canada",08/17/2020,24.9,16.8,19.8,,,31.6,,11.6,46.1,20.1,0.9,82.13,Rain,,
"Gatineau, QC, Canada",08/18/2020,22.2,14.6,17.9,,,2.7,,21.0,40.7,24.0,1.7,74.92,Rain,,
"Gatineau, QC, Canada",08/19/2020,20.8,12.8,16.3,,,0.0,,18.8,33.5,24.0,2.5,72.3,Clear,,
"Gatineau, QC, Canada",08/20/2020,19.2,9.8,15.6,,,0.2,,7.6,,24.0,1.0,80.84,Rain,,
"Gatineau, QC, Canada",08/21/2020,22.8,15.9,19.4,,,1.0,,12.8,,23.5,1.7,80.2,Rain,,
"Gatineau, QC, Canada",08/22/2020,26.8,15.8,21.0,,27.1,0.0,,12.7,,24.0,2.7,70.3,Clear,,
"Gatineau, QC, Canada",08/23/2020,27.9,18.8,22.5,,29.1,11.3,,14.8,42.5,21.2,0.9,79.86,Rain,,
"Gatineau, QC, Canada",08/24/2020,28.0,17.8,22.1,,30.5,15.0,,14.6,37.1,22.2,2.8,85.28,Rain,,
"Gatineau, QC, Canada",08/25/2020,23.0,15.0,20.4,,,0.7,,30.6,44.2,24.0,15.5,72.07,Rain,,
"Gatineau, QC, Canada",08/26/2020,18.2,9.2,14.0,7.7,,0.2,,21.3,37.8,24.0,5.7,62.6,Rain,,
"Gatineau, QC, Canada",08/27/2020,16.2,9.9,13.1,,,4.0,,11.3,,22.8,0.8,84.86,Rain,,
"Gatineau, QC, Canada",08/28/2020,21.9,12.1,16.9,,,0.0,,13.0,,24.0,0.5,77.28,Clear,,
"Gatineau, QC, Canada",08/29/2020,16.9,13.8,15.4,,,28.4,,21.3,37.1,15.3,0.0,92.86,Rain,,
"Gatineau, QC, Canada",08/30/2020,19.9,12.2,15.6,,,1.5,,20.8,35.3,24.0,2.8,73.69,Rain,,
"Gatineau, QC, Canada",08/31/2020,21.7,7.9,15.9,,,0.0,,11.3,,24.0,4.3,70.9,Clear,,
"Gatineau, QC, Canada",09/01/2020,24.2,13.1,19.0,,,0.0,,20.0,29.5,24.0,0.0,78.5,Clear,,
"Gatineau, QC, Canada",09/02/2020,26.2,18.7,21.3,,,7.8,,29.4,46.2,22.8,1.1,83.66,Rain,,
"Gatineau, QC, Canada",09/03/2020,23.8,14.6,19.3,,,1.5,,22.3,35.3,23.7,3.1,74.09,Rain,,
"Gatineau, QC, Canada",09/04/2020,20.6,12.6,16.7,,,1.0,,23.5,55.4,24.0,3.9,66.72,Rain,,
"Gatineau, QC, Canada",09/05/2020,20.2,9.8,14.3,8.0,,2.1,,22.5,55.4,24.0,2.1,72.82,Rain,,
"Gatineau, QC, Canada",09/06/2020,19.6,8.9,14.3,7.5,,0.0,,13.4,,24.0,2.2,74.49,Clear,,
"Gatineau, QC, Canada",09/07/2020,24.1,11.2,18.3,,,0.5,,42.2,61.4,23.3,0.5,76.25,Rain,,
"Gatineau, QC, Canada",09/08/2020,18.1,10.7,14.9,,,0.5,,15.2,,24.0,1.5,76.93,Rain,,
"Gatineau, QC, Canada",09/09/2020,15.8,12.2,13.7,,,6.0,,18.4,27.7,22.9,1.8,89.44,Rain,,
"Gatineau, QC, Canada",09/10/2020,14.9,11.7,12.9,,,0.0,,18.4,27.7,16.0,0.0,87.78,Clear,,
"Gatineau, QC, Canada",09/11/2020,17.2,8.1,12.2,7.5,,0.0,,13.0,,24.0,0.0,72.0,Clear,,
"Gatineau, QC, Canada",09/12/2020,20.1,5.2,13.0,5.7,,0.2,,14.9,,23.0,0.0,75.61,Rain,,
"Gatineau, QC, Canada",09/13/2020,21.7,14.7,17.2,,,6.3,,28.1,42.7,23.0,0.6,82.74,Rain,,
"Gatineau, QC, Canada",09/14/2020,16.7,6.9,12.4,7.2,,0.0,,25.1,40.7,24.0,2.1,66.53,Clear,,
"Gatineau, QC, Canada",09/15/2020,14.1,3.1,9.3,4.7,,0.2,,16.4,,24.0,2.2,77.46,Rain,,
"Gatineau, QC, Canada",09/16/2020,21.8,9.1,16.7,,,0.0,,36.9,50.0,24.0,1.5,70.47,Clear,,
"Gatineau, QC, Canada",09/17/2020,14.9,6.8,12.3,5.0,,0.0,,16.9,27.7,24.0,2.9,66.75,Clear,,
"Gatineau, QC, Canada",09/18/2020,13.0,3.2,8.1,1.0,,0.0,,19.0,35.3,24.0,2.7,61.64,Clear,,
"Gatineau, QC, Canada",09/19/2020,13.1,1.6,7.6,0.4,,0.0,,14.0,,24.0,2.9,60.92,Clear,,
"Gatineau, QC, Canada",09/20/2020,14.8,4.1,9.5,2.8,,0.0,,9.8,,24.0,2.8,60.58,Clear,,
"Gatineau, QC, Canada",09/21/2020,17.7,1.2,9.1,5.1,,0.0,,9.2,,24.0,3.6,68.65,Clear,,
"Gatineau, QC, Canada",09/22/2020,19.1,2.2,11.1,6.8,,0.0,,10.7,,24.0,3.3,69.87,Clear,,
"Gatineau, QC, Canada",09/23/2020,22.9,11.9,16.5,,,0.0,,19.2,33.5,24.0,4.1,71.02,Clear,,
"Gatineau, QC, Canada",09/24/2020,16.9,11.7,14.5,,,0.0,,11.3,,23.7,0.2,80.34,Clear,,
"Gatineau, QC, Canada",09/25/2020,17.9,10.9,13.7,,,0.0,,14.9,,24.0,1.5,63.4,Clear,,
"Gatineau, QC, Canada",09/26/2020,25.8,8.6,16.3,7.6,,0.0,,24.0,33.6,24.0,2.3,69.95,Clear,,
"Gatineau, QC, Canada",09/27/2020,25.2,16.8,20.5,,,0.0,,29.5,46.2,24.0,2.9,73.97,Clear,,
"Gatineau, QC, Canada",09/28/2020,26.1,15.2,20.9,,,0.0,,23.8,35.3,24.0,1.7,74.63,Clear,,
"Gatineau, QC, Canada",09/29/2020,21.9,13.8,17.9,,,9.3,,20.8,29.5,22.1,1.0,78.98,Rain,,
"Gatineau, QC, Canada",09/30/2020,15.1,10.8,12.7,,,14.3,,31.0,46.2,18.9,0.3,87.05,Rain,,
"Gatineau, QC, Canada",10/01/2020,17.2,9.8,12.6,,,0.4,,22.3,35.3,24.0,1.2,80.57,Rain,,
"Gatineau, QC, Canada",10/02/2020,11.7,6.7,9.7,6.8,,8.6,,14.9,,22.9,0.4,88.27,Rain,,
"Gatineau, QC, Canada",10/03/2020,11.8,4.8,7.6,3.6,,0.0,,9.4,,24.0,1.4,77.15,Clear,,
"Gatineau, QC, Canada",10/04/2020,14.0,5.1,9.1,4.8,,0.9,,17.1,,22.8,0.0,85.46,Rain,,
"Gatineau, QC, Canada",10/05/2020,12.0,7.1,9.8,6.2,,2.2,,14.8,,23.7,0.9,87.22,Rain,,
"Gatineau, QC, Canada",10/06/2020,15.8,7.1,11.6,5.0,,0.0,,27.6,43.6,24.0,1.7,79.28,Clear,,
"Gatineau, QC, Canada",10/07/2020,16.0,8.8,12.4,5.4,,19.5,,35.0,59.2,22.4,0.0,77.79,Rain,,
"Gatineau, QC, Canada",10/08/2020,9.1,2.9,6.4,1.3,,0.0,,24.3,39.0,24.0,0.7,64.04,Clear,,
"Gatineau, QC, Canada",10/09/2020,14.1,-0.1,7.7,-3.1,,0.2,,22.6,33.5,24.0,1.8,70.95,Rain,,
"Gatineau, QC, Canada",10/10/2020,22.1,9.0,16.4,6.6,,0.0,,31.7,55.4,24.0,1.7,64.76,Clear,,
"Gatineau, QC, Canada",10/11/2020,10.2,2.8,6.6,1.2,,0.0,,18.8,32.6,24.0,3.0,62.13,Clear,,
"Gatineau, QC, Canada",10/12/2020,13.2,1.7,7.4,-2.1,,0.0,,22.3,33.5,24.0,0.0,63.23,Clear,,
"Gatineau, QC, Canada",10/13/2020,11.9,7.8,9.4,5.3,,13.6,,16.7,,8.7,0.0,93.2,Rain,,
"Gatineau, QC, Canada",10/14/2020,15.1,4.2,9.6,6.3,,0.0,,22.5,35.4,19.0,0.0,77.12,Clear,,
"Gatineau, QC, Canada",10/15/2020,18.0,8.7,11.5,6.8,,4.3,,24.3,38.0,20.5,0.0,77.18,Rain,,
"Gatineau, QC, Canada",10/16/2020,10.7,3.0,8.6,5.1,,4.2,,20.3,29.5,20.0,0.0,86.13,Rain,,
"Gatineau, QC, Canada",10/17/2020,13.2,-0.1,6.4,-0.5,,0.2,,20.7,35.3,24.0,0.0,72.77,Rain,,
"Gatineau, QC, Canada",10/18/2020,13.9,4.1,9.6,2.2,,0.0,,24.0,40.7,24.0,0.0,57.05,Clear,,
"Gatineau, QC, Canada",10/19/2020,13.2,5.6,7.7,3.4,,2.3,,22.0,44.3,22.6,1.6,81.71,Rain,,
"Gatineau, QC, Canada",10/20/2020,9.0,3.7,5.9,0.4,,7.9,,21.0,30.5,20.2,1.8,84.34,Rain,,
"Gatineau, QC, Canada",10/21/2020,15.0,3.8,8.4,0.0,,7.0,,25.9,37.1,18.4,15.6,87.88,Rain,,
"Gatineau, QC, Canada",10/22/2020,11.7,2.9,8.6,3.7,,0.0,,10.9,,24.0,0.0,86.1,Clear,,
"Gatineau, QC, Canada",10/23/2020,24.1,9.8,16.2,8.2,,0.0,,28.9,44.4,23.7,0.0,75.03,Clear,,
"Gatineau, QC, Canada",10/24/2020,18.9,3.1,7.8,-0.6,,3.0,,31.7,51.8,22.9,0.0,70.87,Rain,,
"Gatineau, QC, Canada",10/25/2020,5.7,-0.3,2.6,-3.9,,0.0,,13.1,,24.0,0.0,56.37,Clear,,
"Gatineau, QC, Canada",10/26/2020,3.1,-0.2,2.2,-3.6,,5.9,,18.5,,16.1,0.0,80.45,Rain,,
"Gatineau, QC, Canada",10/27/2020,2.8,-1.3,0.7,-5.3,,0.0,,18.8,,24.0,0.0,69.32,Clear,,
"Gatineau, QC, Canada",10/28/2020,8.2,-0.8,3.6,-4.2,,0.2,,24.0,37.1,22.2,0.0,77.0,Rain,,
"Gatineau, QC, Canada",10/29/2020,7.7,0.1,4.7,-5.5,,0.0,,27.7,,24.0,0.0,70.22,Clear,,
"Gatineau, QC, Canada",10/30/2020,3.2,-4.3,-0.8,-9.7,,0.0,,24.1,,24.0,0.0,57.17,Clear,,
"Gatineau, QC, Canada",10/31/2020,6.0,-5.0,0.3,-8.4,,0.0,,18.1,27.7,24.0,0.0,66.04,Clear,,
"Gatineau, QC, Canada",11/01/2020,8.0,-0.3,4.3,-4.4,,1.9,,22.6,35.3,21.8,0.0,78.93,Rain,,
"Gatineau, QC, Canada",11/02/2020,2.8,-2.1,-0.5,-8.2,,2.8,,38.2,64.3,18.0,0.0,69.81,Rain,,
"Gatineau, QC, Canada",11/03/2020,0.2,-3.2,-1.5,-9.5,,0.2,,30.5,46.4,22.6,0.9,63.57,Rain,,
"Gatineau, QC, Canada",11/04/2020,11.3,-2.0,2.8,-6.3,,0.0,,16.7,,24.0,7.8,70.44,Clear,,
"Gatineau, QC, Canada",11/05/2020,18.1,-0.2,9.3,-2.2,,0.0,,26.4,37.8,24.0,55.9,69.73,Partially cloudy,,
"Gatineau, QC, Canada",11/06/2020,18.0,7.1,12.9,5.6,,0.0,,23.9,33.5,24.0,65.3,69.76,Partially cloudy,,
"Gatineau, QC, Canada",11/07/2020,20.0,8.1,13.7,6.3,,0.0,,21.3,30.1,22.4,67.4,74.1,Partially cloudy,,
"Gatineau, QC, Canada",11/08/2020,21.0,5.2,12.6,3.9,,0.0,,16.8,,24.0,9.4,73.43,Clear,2020-11-08T00:00:00-05:00,
"Gatineau, QC, Canada",11/09/2020,22.0,6.0,13.0,3.9,,0.0,,20.2,,23.3,53.9,71.37,Partially cloudy,2020-11-09T00:00:00-05:00,
"Gatineau, QC, Canada",11/10/2020,22.1,7.5,14.4,6.6,,0.0,,22.3,35.3,24.0,44.0,72.39,Partially cloudy,2020-11-10T00:00:00-05:00,
"Gatineau, QC, Canada",11/11/2020,19.8,5.7,15.6,2.4,,0.0,,31.7,44.3,23.0,76.8,71.85,Overcast,2020-11-11T00:00:00-05:00,
"Gatineau, QC, Canada",11/12/2020,7.8,-1.2,3.7,-3.2,,0.0,,13.0,29.5,24.0,57.1,67.23,Partially cloudy,2020-11-12T00:00:00-05:00,
"Gatineau, QC, Canada",11/13/2020,6.0,-2.1,1.8,-4.0,,0.0,,19.1,,24.0,73.8,80.61,Partially cloudy,2020-11-13T00:00:00-05:00,
"Gatineau, QC, Canada",11/14/2020,4.8,-3.2,2.0,-2.3,,0.0,,22.8,37.1,24.0,49.7,63.44,Partially cloudy,2020-11-14T00:00:00-05:00,
"Gatineau, QC, Canada",11/15/2020,8.8,-4.0,1.6,-8.2,,0.0,,39.7,67.6,22.5,78.3,78.69,Overcast,2020-11-15T00:00:00-05:00,
"Gatineau, QC, Canada",11/16/2020,6.8,2.0,5.0,-2.6,,0.0,,40.0,58.9,24.0,91.8,65.28,Overcast,2020-11-16T00:00:00-05:00,
"Gatineau, QC, Canada",11/17/2020,2.0,-7.2,-1.4,-14.2,,0.0,,25.9,38.3,24.0,75.2,64.6,Overcast,2020-11-17T00:00:00-05:00,
"Gatineau, QC, Canada",11/18/2020,-3.2,-8.2,-6.2,-14.9,,0.0,,21.2,37.1,24.0,55.4,57.45,Partially cloudy,2020-11-18T00:00:00-05:00,
"Gatineau, QC, Canada",11/19/2020,8.0,-5.2,1.7,-10.5,,0.0,,20.5,35.3,24.0,88.5,63.15,Overcast,2020-11-19T00:00:00-05:00,
"Gatineau, QC, Canada",11/20/2020,15.0,1.8,8.2,6.0,,0.0,,23.9,35.3,24.0,76.4,67.13,Overcast,2020-11-20T00:00:00-05:00,
"Gatineau, QC, Canada",11/21/2020,8.7,-3.2,3.0,-4.0,,0.0,,26.2,40.7,24.0,80.1,60.77,Overcast,2020-11-21T00:00:00-05:00,
"Gatineau, QC, Canada",11/22/2020,0.0,-6.0,-2.5,-8.0,,0.0,,21.0,30.8,16.4,87.6,82.89,Overcast,2020-11-22T00:00:00-05:00,
"Gatineau, QC, Canada",11/23/2020,1.0,-1.2,0.0,-7.2,,0.0,,24.6,38.9,20.5,90.9,87.86,Overcast,2020-11-23T00:00:00-05:00,
"Gatineau, QC, Canada",11/24/2020,-0.2,-7.9,-4.9,-12.8,,0.0,,28.7,38.9,24.0,71.3,66.38,Partially cloudy,2020-11-24T00:00:00-05:00,
"Gatineau, QC, Canada",11/25/2020,-1.0,-6.0,-3.9,-12.7,,0.0,,19.4,33.5,12.7,100.0,87.18,Overcast,2020-11-25T00:00:00-05:00,
"Gatineau, QC, Canada",11/26/2020,1.8,-0.2,0.8,-4.5,,0.3,,16.0,,2.6,100.0,97.02,"Rain, Overcast",2020-11-26T00:00:00-05:00,
"Gatineau, QC, Canada",11/27/2020,4.0,1.1,2.6,-0.7,,0.0,,12.5,,17.3,96.9,95.32,Overcast,2020-11-27T00:00:00-05:00,
"Gatineau, QC, Canada",11/28/2020,4.1,1.1,2.8,-0.8,,0.0,,16.1,,20.1,92.4,85.97,Overcast,2020-11-28T00:00:00-05:00,
"Gatineau, QC, Canada",11/29/2020,7.1,1.0,3.6,-2.4,,0.0,,13.2,,24.0,65.8,76.22,Partially cloudy,2020-11-29T00:00:00-05:00,
"Gatineau, QC, Canada",11/30/2020,4.8,0.8,2.5,-2.2,,0.0,,25.6,37.5,16.5,97.5,92.26,Overcast,2020-11-30T00:00:00-05:00,
"Gatineau, QC, Canada",12/01/2020,5.0,1.8,4.0,-3.3,,0.0,,24.7,35.8,17.5,99.0,94.34,Overcast,2020-12-01T00:00:00-05:00,
"Gatineau, QC, Canada",12/02/2020,1.8,-4.0,-1.6,-9.3,,0.0,,25.7,35.8,17.0,84.5,85.52,Overcast,2020-12-02T00:00:00-05:00,
"Gatineau, QC, Canada",12/03/2020,3.8,-5.0,0.6,-9.2,,0.0,,27.7,40.7,22.7,87.3,80.23,Overcast,2020-12-03T00:00:00-05:00,
"Gatineau, QC, Canada",12/04/2020,3.0,1.0,2.1,-1.9,,0.0,,16.6,29.5,13.0,99.5,91.86,Overcast,2020-12-04T00:00:00-05:00,
"Gatineau, QC, Canada",12/05/2020,1.0,-4.0,-1.0,-10.8,,0.0,,24.8,37.1,16.2,90.9,86.42,Overcast,2020-12-05T00:00:00-05:00,
"Gatineau, QC, Canada",12/06/2020,-1.2,-5.0,-3.6,-12.4,,0.0,,32.9,44.6,24.0,74.8,71.57,Partially cloudy,2020-12-06T00:00:00-05:00,
"Gatineau, QC, Canada",12/07/2020,-3.0,-6.2,-5.1,-12.5,,0.0,,18.7,29.5,24.0,71.5,70.65,Partially cloudy,2020-12-07T00:00:00-05:00,
"Gatineau, QC, Canada",12/08/2020,-5.0,-9.0,-6.8,-14.7,,0.0,,15.0,,22.9,76.8,73.83,Overcast,2020-12-08T00:00:00-05:00,
"Gatineau, QC, Canada",12/09/2020,1.0,-6.2,-1.8,-9.1,,0.0,,15.2,,13.2,99.5,92.23,Overcast,2020-12-09T00:00:00-05:00,
"Gatineau, QC, Canada",12/10/2020,1.8,-0.2,0.5,-5.6,,0.0,,22.6,35.3,23.8,95.0,77.88,Overcast,2020-12-10T00:00:00-05:00,
"Gatineau, QC, Canada",12/11/2020,3.7,-1.0,1.2,-2.9,,0.0,,10.3,33.5,24.0,95.4,85.6,Overcast,2020-12-11T00:00:00-05:00,
"Gatineau, QC, Canada",12/12/2020,2.0,0.1,1.1,-6.4,,0.0,,29.7,44.8,19.3,99.0,88.46,Overcast,2020-12-12T00:00:00-05:00,
"Gatineau, QC, Canada",12/13/2020,7.0,-3.2,0.5,-8.8,,0.0,,30.5,44.0,18.9,93.0,78.91,Overcast,2020-12-13T00:00:00-05:00,
"Gatineau, QC, Canada",12/14/2020,-1.2,-4.2,-3.1,-11.6,,0.0,,30.1,46.0,21.7,87.0,76.49,Overcast,2020-12-14T00:00:00-05:00,
"Gatineau, QC, Canada",12/15/2020,-4.2,-15.2,-11.0,-24.2,,0.0,,30.5,49.2,23.5,47.1,59.52,Partially cloudy,2020-12-15T00:00:00-05:00,
"Gatineau, QC, Canada",12/16/2020,-12.2,-17.2,-15.0,-25.4,,0.0,,27.0,38.9,24.0,78.4,61.9,Overcast,2020-12-16T00:00:00-05:00,
"Gatineau, QC, Canada",12/17/2020,-5.2,-13.0,-9.7,-22.2,,0.0,,22.3,35.3,24.0,59.0,45.75,Partially cloudy,2020-12-17T00:00:00-05:00,
"Gatineau, QC, Canada",12/18/2020,-5.0,-13.5,-9.7,-18.3,,0.0,,10.7,,24.0,10.4,61.76,Clear,2020-12-18T00:00:00-05:00,
"Gatineau, QC, Canada",12/19/2020,-4.0,-13.0,-8.0,-16.0,,0.0,,9.8,,23.2,77.2,77.53,Overcast,2020-12-19T00:00:00-05:00,
"Gatineau, QC, Canada",12/20/2020,1.0,-4.0,-1.8,-8.5,,0.0,,18.1,27.7,12.1,100.0,87.59,Overcast,2020-12-20T00:00:00-05:00,
"Gatineau, QC, Canada",12/21/2020,3.0,0.8,1.5,-4.2,,0.0,,21.1,31.7,12.8,96.5,88.88,Overcast,2020-12-21T00:00:00-05:00,
"Gatineau, QC, Canada",12/22/2020,1.0,-8.0,-1.5,-14.7,,0.0,,32.2,47.8,15.2,89.7,84.51,Overcast,2020-12-22T00:00:00-05:00,
"Gatineau, QC, Canada",12/23/2020,-4.0,-9.3,-6.8,-15.3,,0.0,,20.3,31.7,22.6,87.2,80.42,Overcast,2020-12-23T00:00:00-05:00,
"Gatineau, QC, Canada",12/24/2020,9.0,-3.0,3.3,-7.0,,5.1,,23.3,38.9,19.2,97.7,88.61,"Rain, Overcast",2020-12-24T00:00:00-05:00,
"Gatineau, QC, Canada",12/25/2020,5.1,-3.0,3.0,-9.6,,23.1,,25.8,39.1,12.7,95.1,91.85,"Rain, Overcast",2020-12-25T00:00:00-05:00,
"Gatineau, QC, Canada",12/26/2020,-2.2,-8.8,-6.5,-17.2,,2.3,,25.1,40.4,21.4,92.3,72.86,"Rain, Overcast",2020-12-26T00:00:00-05:00,
"Gatineau, QC, Canada",12/27/2020,-4.1,-9.2,-6.5,-15.2,,0.0,,15.5,,24.0,88.8,67.35,Overcast,2020-12-27T00:00:00-05:00,
"Gatineau, QC, Canada",12/28/2020,3.9,-4.2,-1.0,-10.8,,1.0,,31.7,53.9,19.3,94.9,81.17,"Rain, Overcast",2020-12-28T00:00:00-05:00,
"Gatineau, QC, Canada",12/29/2020,-6.1,-11.3,-8.8,-18.1,,0.0,,22.6,37.1,24.0,15.6,68.76,Clear,2020-12-29T00:00:00-05:00,
"Gatineau, QC, Canada",12/30/2020,2.1,-9.1,-4.9,-13.5,,0.0,,17.2,31.7,17.7,94.7,85.77,Overcast,2020-12-30T00:00:00-05:00,
"Gatineau, QC, Canada",12/31/2020,2.9,-3.7,-0.4,-6.9,,1.3,,24.4,48.2,23.7,82.1,69.15,"Rain, Overcast",2020-12-31T00:00:00-05:00,
"Gatineau, QC, Canada",01/01/2021,-0.5,-4.9,-2.4,-8.6,,0.0,,17.3,,22.9,95.1,77.75,Overcast,2021-01-01T00:00:00-05:00,
"Gatineau, QC, Canada",01/02/2021,-0.3,-4.2,-2.5,-11.0,,1.5,,24.1,37.1,15.6,83.2,82.3,"Rain, Overcast",2021-01-02T00:00:00-05:00,
"Gatineau, QC, Canada",01/03/2021,-2.0,-5.3,-3.4,-9.5,,0.0,,13.0,,22.3,93.9,82.93,Overcast,2021-01-03T00:00:00-05:00,
"Gatineau, QC, Canada",01/04/2021,-1.0,-3.1,-1.9,-6.9,,0.0,,9.6,,12.5,100.0,86.6,Overcast,2021-01-04T00:00:00-05:00,
"Gatineau, QC, Canada",01/05/2021,-1.2,-3.0,-2.0,-7.9,,0.0,,14.0,,16.3,99.7,87.49,Overcast,2021-01-05T00:00:00-05:00,
"Gatineau, QC, Canada",01/06/2021,-2.1,-4.2,-3.2,-10.4,,0.0,,21.7,31.7,22.0,86.9,80.28,Overcast,2021-01-06T00:00:00-05:00,
"Gatineau, QC, Canada",01/07/2021,-2.2,-6.1,-4.4,-12.9,,0.0,,21.3,33.5,23.7,94.6,76.21,Overcast,2021-01-07T00:00:00-05:00,
"Gatineau, QC, Canada",01/08/2021,-4.3,-11.3,-7.8,-17.6,,0.0,,17.7,,20.5,32.8,66.6,Partially cloudy,2021-01-08T00:00:00-05:00,
"Gatineau, QC, Canada",01/09/2021,-1.9,-8.3,-5.9,-13.6,,0.0,,22.6,31.7,24.0,67.0,64.04,Partially cloudy,2021-01-09T00:00:00-05:00,
"Gatineau, QC, Canada",01/10/2021,-7.0,-10.2,-8.5,-14.1,,0.0,,13.0,,20.7,83.9,86.76,Overcast,2021-01-10T00:00:00-05:00,
"Gatineau, QC, Canada",01/11/2021,0.6,-7.1,-2.6,-8.7,,0.0,,19.6,38.9,20.0,98.4,84.78,Overcast,2021-01-11T00:00:00-05:00,
"Gatineau, QC, Canada",01/12/2021,0.8,-1.3,-0.4,-5.7,,0.0,,16.1,,19.1,100.0,74.86,Overcast,2021-01-12T00:00:00-05:00,
"Gatineau, QC, Canada",01/13/2021,0.1,-2.2,-0.9,-6.3,,0.0,,15.6,,8.2,99.8,92.49,Overcast,2021-01-13T00:00:00-05:00,
"Gatineau, QC, Canada",01/14/2021,0.8,-0.2,0.5,-3.2,,0.0,,11.2,,6.6,98.5,92.79,Overcast,2021-01-14T00:00:00-05:00,
"Gatineau, QC, Canada",01/15/2021,0.2,-1.3,-0.4,-6.5,,0.0,,22.3,38.9,9.4,95.4,89.36,Overcast,2021-01-15T00:00:00-05:00,
"Gatineau, QC, Canada",01/16/2021,0.1,-1.0,-0.2,-6.3,,3.3,,20.8,31.7,2.9,100.0,97.78,"Rain, Overcast",2021-01-16T00:00:00-05:00,
"Gatineau, QC, Canada",01/17/2021,0.0,-6.1,-2.2,-13.1,,1.0,,27.3,43.0,16.4,94.9,87.32,"Rain, Overcast",2021-01-17T00:00:00-05:00,
"Gatineau, QC, Canada",01/18/2021,-7.1,-13.0,-9.5,-17.9,,0.0,,19.6,40.7,23.9,59.8,77.24,Partially cloudy,2021-01-18T00:00:00-05:00,
"Gatineau, QC, Canada",01/19/2021,-7.3,-14.4,-10.9,-17.8,,0.0,,9.6,,19.5,85.8,85.05,Overcast,2021-01-19T00:00:00-05:00,
"Gatineau, QC, Canada",01/20/2021,-9.1,-16.2,-11.3,-20.4,,0.0,,22.8,30.8,22.8,68.6,76.66,Partially cloudy,2021-01-20T00:00:00-05:00,
"Gatineau, QC, Canada",01/21/2021,-6.1,-14.3,-10.5,-22.2,,1.3,,16.8,,11.3,97.7,84.34,"Rain, Overcast",2021-01-21T00:00:00-05:00,
"Gatineau, QC, Canada",01/22/2021,-2.1,-10.2,-6.1,-16.9,,0.0,,21.2,35.3,22.2,92.0,76.54,Overcast,2021-01-22T00:00:00-05:00,
"Gatineau, QC, Canada",01/23/2021,-12.1,-17.2,-14.5,-26.5,,0.0,,24.6,37.1,24.0,34.4,67.85,Partially cloudy,2021-01-23T00:00:00-05:00,
"Gatineau, QC, Canada",01/24/2021,-10.1,-19.1,-15.1,-29.0,,0.0,,22.3,42.5,24.0,14.8,66.48,Clear,2021-01-24T00:00:00-05:00,
"Gatineau, QC, Canada",01/25/2021,-7.2,-17.5,-11.6,-14.4,,0.0,,7.8,,21.4,86.7,82.41,Overcast,2021-01-25T00:00:00-05:00,
"Gatineau, QC, Canada",01/26/2021,-4.0,-7.2,-5.6,-12.3,,0.0,,19.3,29.5,15.9,97.2,84.73,Overcast,2021-01-26T00:00:00-05:00,
"Gatineau, QC, Canada",01/27/2021,-3.9,-7.2,-5.5,-12.0,,1.0,,17.0,,21.0,89.1,79.64,"Rain, Overcast",2021-01-27T00:00:00-05:00,
"Gatineau, QC, Canada",01/28/2021,-7.1,-17.1,-11.9,-27.1,,0.0,0.0,26.5,40.7,23.0,84.4,68.92,Overcast,2021-01-28T00:00:00-05:00,
"Gatineau, QC, Canada",01/29/2021,-11.2,-19.2,-15.8,-28.7,,0.0,0.0,23.0,36.2,23.7,54.1,65.16,Partially cloudy,2021-01-29T00:00:00-05:00,
"Gatineau, QC, Canada",01/30/2021,-11.1,-18.1,-15.4,-26.2,,0.0,0.0,15.6,,24.0,31.6,71.72,Partially cloudy,2021-01-30T00:00:00-05:00,
"Gatineau, QC, Canada",01/31/2021,-13.1,-20.5,-16.8,-24.9,,0.0,0.0,9.8,,24.0,13.5,71.36,Clear,2021-01-31T00:00:00-05:00,
"Gatineau, QC, Canada",02/01/2021,-6.2,-21.6,-14.0,-28.1,,0.0,0.0,17.3,,24.0,28.7,67.21,Partially cloudy,2021-02-01T00:00:00-05:00,
"Gatineau, QC, Canada",02/02/2021,0.9,-11.1,-5.2,-18.2,,2.8,0.0,25.8,44.8,20.5,88.0,70.2,"Rain, Overcast",2021-02-02T00:00:00-05:00,
"Gatineau, QC, Canada",02/03/2021,1.8,-4.1,-1.7,-11.2,,5.7,0.0,25.5,37.6,19.2,85.2,60.83,"Rain, Overcast",2021-02-03T00:00:00-05:00,
"Gatineau, QC, Canada",02/04/2021,1.1,-9.3,-4.1,-14.1,,0.0,0.0,19.8,29.2,24.0,29.9,63.87,Partially cloudy,2021-02-04T00:00:00-05:00,
"Gatineau, QC, Canada",02/05/2021,0.9,-9.1,-4.0,-13.4,,4.18,0.0,33.8,47.7,20.4,78.3,77.55,"Rain, Overcast",2021-02-05T00:00:00-05:00,
"Gatineau, QC, Canada",02/06/2021,-4.9,-9.7,-7.4,-16.9,,0.0,0.0,32.9,47.4,24.0,61.6,58.26,Partially cloudy,2021-02-06T00:00:00-05:00,
"Gatineau, QC, Canada",02/07/2021,-5.1,-11.9,-8.3,-17.9,,0.9,0.0,19.5,38.9,18.4,86.4,73.85,"Rain, Overcast",2021-02-07T00:00:00-05:00,
"Gatineau, QC, Canada",02/08/2021,-7.0,-19.5,-12.4,-22.7,,0.3,0.0,14.0,,24.0,46.0,65.89,"Rain, Partially cloudy",2021-02-08T00:00:00-05:00,
"Gatineau, QC, Canada",02/09/2021,-5.4,-12.2,-9.5,-16.6,,3.9,0.0,8.6,,16.9,89.3,79.16,"Rain, Overcast",2021-02-09T00:00:00-05:00,
"Gatineau, QC, Canada",02/10/2021,-7.0,-14.9,-10.6,-21.9,,0.0,0.0,18.0,31.7,23.7,57.9,62.73,Partially cloudy,2021-02-10T00:00:00-05:00,
"Gatineau, QC, Canada",02/11/2021,-9.0,-18.1,-12.7,-23.3,,0.0,0.0,23.2,32.5,24.0,35.0,56.34,Partially cloudy,2021-02-11T00:00:00-05:00,
"Gatineau, QC, Canada",02/12/2021,-14.1,-21.4,-17.6,-29.3,,0.0,0.0,17.4,,24.0,49.5,55.15,Partially cloudy,2021-02-12T00:00:00-05:00,
"Gatineau, QC, Canada",02/13/2021,-12.3,-21.3,-16.5,-28.4,,0.3,0.0,13.4,,23.2,60.9,59.48,"Rain, Partially cloudy",2021-02-13T00:00:00-05:00,
"Gatineau, QC, Canada",02/14/2021,-7.1,-13.9,-10.8,-20.1,,3.48,0.0,13.1,,18.0,73.1,74.09,"Rain, Partially cloudy",2021-02-14T00:00:00-05:00,
"Gatineau, QC, Canada",02/15/2021,-5.3,-12.8,-8.2,-13.8,,0.0,0.0,11.1,,19.3,96.0,76.28,Overcast,2021-02-15T00:00:00-05:00,
"Gatineau, QC, Canada",02/16/2021,-8.0,-13.1,-9.7,-20.8,,10.7,0.0,24.2,38.9,6.8,98.3,85.21,"Rain, Overcast",2021-02-16T00:00:00-05:00,
"Gatineau, QC, Canada",02/17/2021,-7.1,-18.9,-13.6,-27.0,,0.0,,17.5,35.3,24.0,20.1,65.17,Clear,2021-02-17T00:00:00-05:00,
"Gatineau, QC, Canada",02/18/2021,-4.2,-18.5,-11.0,-13.7,,1.0,0.0,9.7,,24.0,85.7,71.91,"Rain, Overcast",2021-02-18T00:00:00-05:00,
"Gatineau, QC, Canada",02/19/2021,-6.2,-9.2,-8.0,-15.8,,1.77,0.0,20.5,31.7,14.3,96.1,79.0,"Rain, Overcast",2021-02-19T00:00:00-05:00,
"Gatineau, QC, Canada",02/20/2021,-3.9,-13.9,-8.8,-19.6,,0.0,0.0,15.4,35.3,17.0,68.9,76.33,Partially cloudy,2021-02-20T00:00:00-05:00,
"Gatineau, QC, Canada",02/21/2021,-1.7,-15.0,-8.4,-19.2,,0.0,0.0,19.9,,111.1,14.9,72.12,Clear,2021-02-21T00:00:00-05:00,
"Gatineau, QC, Canada",02/22/2021,-1.8,-7.8,-4.5,-13.0,,7.6,0.0,16.0,,244.3,19.0,86.62,Rain,2021-02-22T00:00:00-05:00,"Light Snow, Snow"
"Gatineau, QC, Canada",02/23/2021,2.8,-1.4,0.8,-4.8,,1.7,0.0,17.6,34.3,160.5,43.9,84.62,"Rain, Partially cloudy",2021-02-23T00:00:00-05:00,"Light Snow, Light Rain And Snow, Sky Coverage Increasing"
"Gatineau, QC, Canada",02/24/2021,1.9,-1.5,0.2,-6.1,,5.5,0.0,26.2,38.1,13.9,87.4,90.38,"Rain, Overcast",2021-02-24T00:00:00-05:00,
"Gatineau, QC, Canada",02/25/2021,-1.0,-10.5,-6.6,-16.1,,0.6,0.0,24.2,45.5,21.4,65.5,74.66,"Rain, Partially cloudy",2021-02-25T00:00:00-05:00,
"Gatineau, QC, Canada",02/26/2021,0.4,-13.9,-6.8,-15.1,,0.0,0.0,16.7,29.5,24.0,65.9,70.19,Partially cloudy,2021-02-26T00:00:00-05:00,
"Gatineau, QC, Canada",02/27/2021,2.4,-11.1,-4.7,-16.2,,16.1,0.0,30.4,44.8,18.7,75.0,85.33,"Rain, Partially cloudy",2021-02-27T00:00:00-05:00,
"Gatineau, QC, Canada",02/28/2021,3.8,-10.6,-2.1,-10.9,,0.8,0.0,17.9,33.5,16.3,69.4,87.64,"Rain, Partially cloudy",2021-02-28T00:00:00-05:00,
"Gatineau, QC, Canada",03/01/2021,4.8,-15.2,-2.2,-27.0,,4.48,0.0,41.0,61.4,21.8,83.9,63.82,"Rain, Overcast",2021-03-01T00:00:00-05:00,
"Gatineau, QC, Canada",03/02/2021,-7.5,-18.8,-13.0,-27.4,,1.67,0.0,23.9,42.5,,,55.25,Rain,2021-03-02T00:00:00-05:00,
"Gatineau, QC, Canada",03/03/2021,-0.2,-8.1,-2.9,-11.6,,3.8,0.0,16.4,,20.6,95.8,78.67,"Rain, Overcast",2021-03-03T00:00:00-05:00,
"Gatineau, QC, Canada",03/04/2021,-3.2,-11.9,-8.7,-21.9,,0.0,0.0,29.5,47.8,24.0,52.6,50.85,Partially cloudy,2021-03-04T00:00:00-05:00,
"Gatineau, QC, Canada",03/05/2021,-6.1,-15.0,-10.7,-24.7,,0.0,0.0,32.7,50.2,24.0,75.5,50.98,Overcast,2021-03-05T00:00:00-05:00,
"Gatineau, QC, Canada",03/06/2021,-7.0,-11.0,-9.2,-18.6,,0.0,0.0,26.0,38.9,23.9,81.5,57.31,Overcast,2021-03-06T00:00:00-05:00,
"Gatineau, QC, Canada",03/07/2021,-6.0,-15.2,-10.3,-21.4,,0.0,0.0,22.0,31.7,24.0,22.9,53.88,Clear,2021-03-07T00:00:00-05:00,
"Gatineau, QC, Canada",03/08/2021,-2.5,-21.5,-9.6,-8.0,,0.0,0.0,9.8,,,,59.98,Clear,2021-03-08T00:00:00-05:00,
"Gatineau, QC, Canada",03/09/2021,6.6,-6.9,0.0,-10.3,,0.0,0.0,19.2,27.7,24.0,39.6,65.71,Partially cloudy,2021-03-09T00:00:00-05:00,
"Gatineau, QC, Canada",03/10/2021,8.5,-6.3,1.5,-10.0,,0.0,0.0,18.0,29.5,21.6,73.0,69.76,Partially cloudy,2021-03-10T00:00:00-05:00,
"Gatineau, QC, Canada",03/11/2021,12.7,6.0,9.2,2.7,,1.18,0.0,35.8,50.5,23.8,79.3,58.62,"Rain, Overcast",2021-03-11T00:00:00-05:00,
"Gatineau, QC, Canada",03/12/2021,6.0,-5.0,2.4,-13.6,,0.0,0.0,39.5,63.5,25.9,54.6,58.17,Partially cloudy,2021-03-12T00:00:00-05:00,
"Gatineau, QC, Canada",03/13/2021,-0.1,-9.2,-4.8,-16.5,,0.0,0.0,31.7,43.5,24.0,61.3,53.18,Partially cloudy,2021-03-13T00:00:00-05:00,
"Gatineau, QC, Canada",03/14/2021,-1.0,-11.0,-4.8,-20.5,,0.0,0.0,40.1,58.3,23.6,51.8,50.49,Partially cloudy,2021-03-14T00:00:00-05:00,
"Gatineau, QC, Canada",03/15/2021,-5.1,-14.2,-10.1,-23.7,,0.0,0.0,28.8,52.1,24.0,24.3,46.82,Clear,2021-03-15T00:00:00-04:00,
"Gatineau, QC, Canada",03/16/2021,2.7,-11.2,-4.6,-13.2,,0.0,0.0,12.3,,197.5,20.6,54.28,Clear,2021-03-16T00:00:00-04:00,
"Gatineau, QC, Canada",03/17/2021,7.6,-6.1,0.9,-9.0,,0.0,0.0,18.9,29.5,23.6,40.2,62.33,Partially cloudy,2021-03-17T00:00:00-04:00,
"Gatineau, QC, Canada",03/18/2021,4.1,-3.0,1.7,-9.5,,2.51,0.0,29.6,53.6,22.5,87.8,62.46,"Rain, Overcast",2021-03-18T00:00:00-04:00,
"Gatineau, QC, Canada",03/19/2021,0.9,-9.1,-4.1,-15.9,,0.0,0.0,21.6,44.6,24.0,15.7,45.11,Clear,2021-03-19T00:00:00-04:00,
"Gatineau, QC, Canada",03/20/2021,12.6,-4.0,3.3,-7.4,,0.0,0.0,19.0,29.5,24.0,10.3,53.67,Clear,2021-03-20T00:00:00-04:00,
"Gatineau, QC, Canada",03/21/2021,14.2,-2.4,5.6,-4.4,,0.0,0.0,19.5,32.9,24.0,3.6,54.0,Clear,2021-03-21T00:00:00-04:00,
"Gatineau, QC, Canada",03/22/2021,17.1,-2.0,7.2,4.0,,0.0,0.0,22.1,31.7,24.0,17.4,48.9,Clear,2021-03-22T00:00:00-04:00,
"Gatineau, QC, Canada",03/23/2021,18.7,-0.2,9.1,4.0,,0.0,0.0,14.9,,24.0,66.8,49.43,Partially cloudy,2021-03-23T00:00:00-04:00,
"Gatineau, QC, Canada",03/24/2021,10.6,3.2,7.0,2.0,,3.86,0.0,14.2,,17.6,95.5,80.73,"Rain, Overcast",2021-03-24T00:00:00-04:00,
"Gatineau, QC, Canada",03/25/2021,17.6,7.9,11.7,6.1,,6.0,0.0,18.4,34.2,,,78.6,Rain,2021-03-25T00:00:00-04:00,
"Gatineau, QC, Canada",03/26/2021,9.0,1.0,5.3,-3.1,,32.74,0.0,19.9,40.7,,,91.08,Rain,2021-03-26T00:00:00-04:00,
"Gatineau, QC, Canada",03/27/2021,3.9,-0.7,1.5,-3.7,,0.0,0.0,12.5,,,,82.15,Clear,2021-03-27T00:00:00-04:00,
"Gatineau, QC, Canada",03/28/2021,9.1,1.2,4.8,-2.4,,16.08,0.0,21.9,48.3,,,88.6,Rain,2021-03-28T00:00:00-04:00,
"Gatineau, QC, Canada",03/29/2021,3.5,-3.8,-0.3,-10.8,,1.5,0.0,31.7,53.2,,,64.87,Rain,2021-03-29T00:00:00-04:00,
"Gatineau, QC, Canada",03/30/2021,16.2,-1.2,8.4,-3.3,,0.0,0.0,33.5,46.0,24.0,81.3,52.55,Overcast,2021-03-30T00:00:00-04:00,
"Gatineau, QC, Canada",03/31/2021,12.3,1.2,8.4,2.0,,5.69,0.0,19.4,36.4,,,76.15,Rain,2021-03-31T00:00:00-04:00,
"Gatineau, QC, Canada",04/01/2021,2.3,-4.8,-1.5,-10.6,,2.6,0.0,21.9,39.0,,,68.3,Rain,2021-04-01T00:00:00-04:00,
"Gatineau, QC, Canada",04/02/2021,1.9,-7.1,-2.8,-13.0,,0.0,0.0,20.5,37.1,,,39.34,Clear,2021-04-02T00:00:00-04:00,
"Gatineau, QC, Canada",04/03/2021,9.0,-7.6,0.7,-9.8,,0.0,0.0,17.0,33.5,,,46.6,Clear,2021-04-03T00:00:00-04:00,
"Gatineau, QC, Canada",04/04/2021,12.5,-1.7,6.1,0.8,,0.0,0.0,15.2,31.7,,,53.39,Clear,2021-04-04T00:00:00-04:00,
"Gatineau, QC, Canada",04/05/2021,12.4,0.4,6.7,-1.9,,0.0,0.0,17.0,32.0,,,52.05,Clear,2021-04-05T00:00:00-04:00,
"Gatineau, QC, Canada",04/06/2021,14.8,-1.9,6.1,-3.9,,0.0,0.0,9.4,,,,47.17,Clear,2021-04-06T00:00:00-04:00,
"Gatineau, QC, Canada",04/07/2021,17.6,-0.3,9.2,7.1,,0.0,0.0,12.8,35.3,,,63.91,Clear,2021-04-07T00:00:00-04:00,
"Gatineau, QC, Canada",04/08/2021,21.0,3.6,12.2,3.6,,0.3,0.0,13.2,31.7,,,66.75,Rain,2021-04-08T00:00:00-04:00,
"Gatineau, QC, Canada",04/09/2021,21.6,6.3,13.8,4.7,,0.0,0.0,16.6,28.8,,,63.87,Clear,2021-04-09T00:00:00-04:00,
"Gatineau, QC, Canada",04/10/2021,24.1,6.9,15.7,,,0.0,0.0,14.6,,1010.1,0.0,64.64,Clear,2021-04-10T00:00:00-04:00,
"Gatineau, QC, Canada",04/11/2021,18.9,8.1,13.6,5.4,,0.0,0.0,30.9,48.2,1003.5,0.0,52.47,Clear,2021-04-11T00:00:00-04:00,
"Gatineau, QC, Canada",04/12/2021,16.1,9.0,12.2,7.0,,0.0,0.0,20.1,55.4,,,57.32,Clear,2021-04-12T00:00:00-04:00,
"Gatineau, QC, Canada",04/13/2021,17.7,8.5,12.1,7.5,,0.0,0.0,9.2,33.5,,,62.26,Clear,2021-04-13T00:00:00-04:00,
"Gatineau, QC, Canada",04/14/2021,16.3,6.6,10.8,6.4,,0.0,0.0,10.3,,,,72.15,Clear,2021-04-14T00:00:00-04:00,
"Gatineau, QC, Canada",04/15/2021,9.1,6.0,7.6,4.6,,17.8,0.0,11.2,,,,90.92,Rain,2021-04-15T00:00:00-04:00,
"Gatineau, QC, Canada",04/16/2021,8.3,3.5,5.6,0.6,,7.63,0.0,14.3,38.9,,,86.67,Rain,2021-04-16T00:00:00-04:00,
"Gatineau, QC, Canada",04/17/2021,11.6,3.3,7.2,2.8,,0.0,0.0,10.3,,,,72.74,Clear,2021-04-17T00:00:00-04:00,
"Gatineau, QC, Canada",04/18/2021,13.3,3.7,8.2,2.6,,0.8,0.0,13.1,27.7,,,77.31,Rain,2021-04-18T00:00:00-04:00,
"Gatineau, QC, Canada",04/19/2021,15.6,4.2,10.1,3.7,,0.0,0.0,16.6,33.8,,,67.04,Clear,2021-04-19T00:00:00-04:00,
"Gatineau, QC, Canada",04/20/2021,10.7,2.9,6.1,-0.1,,2.56,0.0,22.3,40.7,,,63.46,Rain,2021-04-20T00:00:00-04:00,
"Gatineau, QC, Canada",04/21/2021,1.9,-2.9,-0.9,-7.2,,3.8,0.0,13.6,,,,67.64,Rain,2021-04-21T00:00:00-04:00,
"Gatineau, QC, Canada",04/22/2021,5.2,-3.3,0.9,-7.7,,1.3,0.0,27.0,43.1,,,57.5,Rain,2021-04-22T00:00:00-04:00,
"Gatineau, QC, Canada",04/23/2021,15.6,1.6,8.7,-2.4,,0.3,0.0,29.3,45.8,1008.5,0.0,44.0,Rain,2021-04-23T00:00:00-04:00,
"Gatineau, QC, Canada",04/24/2021,19.0,6.8,13.0,5.9,,0.0,0.0,22.2,35.2,1009.0,0.0,40.71,Clear,2021-04-24T00:00:00-04:00,
"Gatineau, QC, Canada",04/25/2021,13.7,1.3,8.1,-5.0,,5.39,0.0,33.2,53.3,1007.3,0.0,63.41,Rain,2021-04-25T00:00:00-04:00,
"Gatineau, QC, Canada",04/26/2021,11.0,-0.9,4.3,-7.6,,0.2,0.0,30.9,49.8,1018.3,0.0,41.44,Rain,2021-04-26T00:00:00-04:00,
"Gatineau, QC, Canada",04/27/2021,14.4,2.2,8.7,0.8,,0.0,0.0,11.0,,1016.1,0.0,44.17,Clear,2021-04-27T00:00:00-04:00,
"Gatineau, QC, Canada",04/28/2021,15.5,9.0,11.1,7.6,,12.98,0.0,11.1,,1011.3,0.0,68.06,Rain,2021-04-28T00:00:00-04:00,
"Gatineau, QC, Canada",04/29/2021,16.4,8.3,12.4,7.0,,0.3,0.0,12.8,,1004.8,0.0,69.37,Rain,2021-04-29T00:00:00-04:00,
"Gatineau, QC, Canada",04/30/2021,11.8,1.1,7.2,-4.9,,36.65,0.0,36.7,57.0,997.1,0.0,89.82,Rain,2021-04-30T00:00:00-04:00,
"Gatineau, QC, Canada",05/01/2021,10.8,-0.4,4.4,-6.7,,2.07,0.0,30.9,53.1,1010.4,0.0,52.2,Rain,2021-05-01T00:00:00-04:00,
"Gatineau, QC, Canada",05/02/2021,13.9,1.6,8.6,0.7,,1.55,0.0,24.0,37.0,1005.6,0.0,69.21,Rain,2021-05-02T00:00:00-04:00,
"Gatineau, QC, Canada",05/03/2021,10.9,5.9,7.4,3.2,,0.6,0.0,18.1,,1012.4,0.0,58.22,Rain,2021-05-03T00:00:00-04:00,
"Gatineau, QC, Canada",05/04/2021,12.9,7.5,10.3,5.4,,1.15,0.0,21.9,42.4,1006.2,0.0,59.9,Rain,2021-05-04T00:00:00-04:00,
"Gatineau, QC, Canada",05/05/2021,10.8,7.9,9.2,5.6,,2.87,0.0,20.1,31.3,1005.2,0.0,87.43,Rain,2021-05-05T00:00:00-04:00,
"Gatineau, QC, Canada",05/06/2021,12.3,3.4,8.1,0.8,,0.0,0.0,18.3,35.3,,,59.44,Clear,2021-05-06T00:00:00-04:00,
"Gatineau, QC, Canada",05/07/2021,12.1,3.0,7.7,5.9,,0.0,0.0,9.8,,,,69.78,Clear,2021-05-07T00:00:00-04:00,
"Gatineau, QC, Canada",05/08/2021,10.4,6.3,7.7,4.9,,5.36,0.0,12.1,40.7,,,86.46,Rain,2021-05-08T00:00:00-04:00,
"Gatineau, QC, Canada",05/09/2021,12.9,4.7,8.3,2.6,,3.1,0.0,11.2,33.5,,,76.8,Rain,2021-05-09T00:00:00-04:00,
"Gatineau, QC, Canada",05/10/2021,14.4,4.6,9.7,3.3,,1.0,0.0,17.2,29.9,,,66.26,Rain,2021-05-10T00:00:00-04:00,
"Gatineau, QC, Canada",05/11/2021,10.5,4.8,7.0,1.3,,7.91,0.0,30.9,42.5,1013.6,0.0,79.86,Rain,2021-05-11T00:00:00-04:00,
"Gatineau, QC, Canada",05/12/2021,17.1,5.8,11.1,3.2,,0.3,0.0,25.6,42.2,1020.5,0.0,55.23,Rain,2021-05-12T00:00:00-04:00,
"Gatineau, QC, Canada",05/13/2021,20.6,5.5,14.0,6.8,,0.0,0.0,17.9,27.7,1022.0,0.0,45.2,Clear,2021-05-13T00:00:00-04:00,
"Gatineau, QC, Canada",05/14/2021,23.3,7.3,16.2,6.6,,0.0,0.0,21.8,37.1,1020.1,0.0,43.46,Clear,2021-05-14T00:00:00-04:00,
"Gatineau, QC, Canada",05/15/2021,23.1,11.4,17.2,,,0.0,0.0,23.8,53.5,1020.5,0.0,37.15,Clear,2021-05-15T00:00:00-04:00,
"Gatineau, QC, Canada",05/16/2021,22.7,9.7,17.4,,,0.0,0.0,20.3,38.8,1021.9,0.0,47.9,Clear,2021-05-16T00:00:00-04:00,
"Gatineau, QC, Canada",05/17/2021,24.3,8.1,17.8,9.4,,0.0,0.0,22.2,38.9,1022.4,0.0,47.69,Clear,2021-05-17T00:00:00-04:00,
"Gatineau, QC, Canada",05/18/2021,25.3,14.0,19.4,,,0.0,0.0,18.0,33.5,1023.2,0.0,54.2,Clear,2021-05-18T00:00:00-04:00,
"Gatineau, QC, Canada",05/19/2021,28.9,10.1,20.8,,28.0,0.0,0.0,18.0,,1025.1,0.0,51.99,Clear,2021-05-19T00:00:00-04:00,
"Gatineau, QC, Canada",05/20/2021,28.1,15.6,22.4,,27.6,0.0,0.0,16.4,,1026.9,0.0,54.83,Clear,2021-05-20T00:00:00-04:00,
"Gatineau, QC, Canada",05/21/2021,31.3,17.3,24.5,,30.5,0.0,0.0,21.9,31.3,1025.6,0.0,55.51,Clear,2021-05-21T00:00:00-04:00,
"Gatineau, QC, Canada",05/22/2021,27.4,21.0,23.7,,28.1,5.65,0.0,23.8,38.9,1018.0,0.0,61.22,Rain,2021-05-22T00:00:00-04:00,
"Gatineau, QC, Canada",05/23/2021,20.6,13.2,17.0,,,0.5,0.0,34.5,45.8,1016.9,0.0,62.27,Rain,2021-05-23T00:00:00-04:00,
"Gatineau, QC, Canada",05/24/2021,21.1,7.2,14.4,6.1,,0.0,0.0,16.1,,1022.4,0.0,45.22,Clear,2021-05-24T00:00:00-04:00,
"Gatineau, QC, Canada",05/25/2021,26.8,11.6,19.6,,27.7,2.25,0.0,31.0,44.2,1013.3,0.0,64.3,Rain,2021-05-25T00:00:00-04:00,
"Gatineau, QC, Canada",05/26/2021,27.0,18.4,22.6,,27.4,5.1,0.0,30.9,51.5,1006.7,0.0,62.96,Rain,2021-05-26T00:00:00-04:00,
"Gatineau, QC, Canada",05/27/2021,16.8,5.3,10.5,5.4,,0.0,0.0,14.8,29.5,,,54.19,Clear,2021-05-27T00:00:00-04:00,
"Gatineau, QC, Canada",05/28/2021,11.7,0.4,6.2,1.4,,0.0,0.0,8.7,,,,54.19,Clear,2021-05-28T00:00:00-04:00,
"Gatineau, QC, Canada",05/29/2021,17.7,1.0,10.0,4.5,,0.0,0.0,15.4,35.3,,,50.31,Clear,2021-05-29T00:00:00-04:00,
"Gatineau, QC, Canada",05/30/2021,18.9,1.6,11.4,6.7,,0.0,0.0,13.2,33.5,,,55.87,Clear,2021-05-30T00:00:00-04:00,
"Gatineau, QC, Canada",05/31/2021,23.0,3.5,13.8,,,0.0,0.0,10.9,29.5,,,60.89,Clear,2021-05-31T00:00:00-04:00,
"Gatineau, QC, Canada",06/01/2021,23.8,13.2,18.2,,,0.0,,19.0,35.3,1020.0,0.0,47.11,Clear,2021-06-01T00:00:00-04:00,
"Gatineau, QC, Canada",06/02/2021,26.3,9.0,19.0,9.6,,1.6,,23.8,37.1,1017.8,0.0,53.6,Rain,2021-06-02T00:00:00-04:00,
"Gatineau, QC, Canada",06/03/2021,21.0,14.1,16.9,,,10.82,,8.7,,,,88.93,Rain,2021-06-03T00:00:00-04:00,
"Gatineau, QC, Canada",06/04/2021,25.7,14.7,19.5,,,1.0,,16.9,38.9,,,80.05,Rain,2021-06-04T00:00:00-04:00,
"Gatineau, QC, Canada",06/05/2021,25.4,16.0,20.3,,,4.5,,13.6,27.7,,,80.91,Rain,2021-06-05T00:00:00-04:00,
"Gatineau, QC, Canada",06/06/2021,32.0,18.0,24.7,,33.2,0.0,,27.4,42.2,1010.7,0.0,69.77,Clear,2021-06-06T00:00:00-04:00,
"Gatineau, QC, Canada",06/07/2021,31.4,19.0,25.7,,32.5,0.0,,19.7,34.6,,,62.89,Clear,2021-06-07T00:00:00-04:00,
"Gatineau, QC, Canada",06/08/2021,29.0,21.6,25.1,,31.7,0.0,,14.5,29.5,,,76.44,Clear,2021-06-08T00:00:00-04:00,
"Gatineau, QC, Canada",06/09/2021,27.3,16.6,23.0,,26.7,0.0,,13.0,,,,53.1,Clear,2021-06-09T00:00:00-04:00,
"Gatineau, QC, Canada",06/10/2021,23.2,11.6,17.4,,,0.0,,13.2,33.5,,,47.3,Clear,2021-06-10T00:00:00-04:00,
"Gatineau, QC, Canada",06/11/2021,23.1,13.0,17.8,,,0.8,,7.6,,,,61.43,Rain,2021-06-11T00:00:00-04:00,
"Gatineau, QC, Canada",06/12/2021,26.1,10.0,18.6,,,0.0,,10.0,,,,55.85,Clear,2021-06-12T00:00:00-04:00,
"Gatineau, QC, Canada",06/13/2021,27.6,9.9,19.3,,27.0,0.0,,9.4,,,,62.9,Clear,2021-06-13T00:00:00-04:00,
"Gatineau, QC, Canada",06/14/2021,22.4,15.8,17.8,,,39.2,,12.5,35.3,,,90.23,Rain,2021-06-14T00:00:00-04:00,
"Gatineau, QC, Canada",06/15/2021,20.6,14.0,16.3,,,13.12,,14.9,31.7,,,77.56,Rain,2021-06-15T00:00:00-04:00,
"Gatineau, QC, Canada",06/16/2021,19.7,9.1,14.3,9.0,,0.0,,15.2,27.7,,,57.27,Clear,2021-06-16T00:00:00-04:00,
"Gatineau, QC, Canada",06/17/2021,24.4,7.5,16.5,9.2,,0.0,,15.2,29.5,,,54.28,Clear,2021-06-17T00:00:00-04:00,
"Gatineau, QC, Canada",06/18/2021,19.0,12.5,16.2,,,13.06,,14.8,35.3,,,78.63,Rain,2021-06-18T00:00:00-04:00,
"Gatineau, QC, Canada",06/19/2021,25.1,14.6,19.7,,,9.58,,19.2,35.3,,,72.68,Rain,2021-06-19T00:00:00-04:00,
"Gatineau, QC, Canada",06/20/2021,26.8,11.8,19.5,,27.0,0.0,,10.0,,,,72.64,Clear,2021-06-20T00:00:00-04:00,
"Gatineau, QC, Canada",06/21/2021,27.9,15.3,20.8,,29.2,16.49,,20.8,42.5,,,82.34,Rain,2021-06-21T00:00:00-04:00,
"Gatineau, QC, Canada",06/22/2021,18.6,9.0,13.4,8.2,,0.3,,15.6,27.7,,,69.73,Rain,2021-06-22T00:00:00-04:00,
"Gatineau, QC, Canada",06/23/2021,21.3,7.8,14.8,7.6,,0.0,,18.1,31.3,1018.0,0.0,61.93,Clear,2021-06-23T00:00:00-04:00,
"Gatineau, QC, Canada",06/24/2021,26.4,10.3,19.1,,,0.0,,19.2,34.6,,,58.23,Clear,2021-06-24T00:00:00-04:00,
"Gatineau, QC, Canada",06/25/2021,23.1,16.9,20.0,,,0.0,,13.9,29.5,,,70.85,Clear,2021-06-25T00:00:00-04:00,
"Gatineau, QC, Canada",06/26/2021,22.9,16.8,19.7,,,56.89,,17.0,35.3,,,91.75,Rain,2021-06-26T00:00:00-04:00,
"Gatineau, QC, Canada",06/27/2021,29.2,21.2,25.2,,31.7,23.4,,21.2,42.4,,,76.54,Rain,2021-06-27T00:00:00-04:00,
"Gatineau, QC, Canada",06/28/2021,29.9,22.2,25.6,,33.3,10.2,,11.8,27.7,,,77.68,Rain,2021-06-28T00:00:00-04:00,
"Gatineau, QC, Canada",06/29/2021,26.5,19.1,22.5,,,8.6,,8.7,,,,84.44,Rain,2021-06-29T00:00:00-04:00,
"Gatineau, QC, Canada",06/30/2021,26.1,17.7,22.4,,,23.24,,14.8,37.1,,,84.31,Rain,2021-06-30T00:00:00-04:00,
"Gatineau, QC, Canada",07/01/2021,23.3,14.2,18.9,,,1.0,,7.6,,,,78.78,Rain,2021-07-01T00:00:00-04:00,
"Gatineau, QC, Canada",07/02/2021,21.1,15.1,17.7,,,3.9,,12.8,29.5,,,82.23,Rain,2021-07-02T00:00:00-04:00,
"Gatineau, QC, Canada",07/03/2021,20.7,12.3,16.6,,,0.3,,9.7,,,,79.27,Rain,2021-07-03T00:00:00-04:00,
"Gatineau, QC, Canada",07/04/2021,24.2,11.2,17.4,,,0.0,,9.6,,,,72.63,Clear,2021-07-04T00:00:00-04:00,
"Gatineau, QC, Canada",07/05/2021,25.8,11.7,19.7,,,0.0,,12.5,,,,73.53,Clear,2021-07-05T00:00:00-04:00,
"Gatineau, QC, Canada",07/06/2021,28.8,19.0,23.1,,30.6,4.6,,15.4,31.7,,,76.9,Rain,2021-07-06T00:00:00-04:00,
"Gatineau, QC, Canada",07/07/2021,19.4,12.3,15.4,,,0.0,,10.9,,,,65.6,Clear,2021-07-07T00:00:00-04:00,
"Gatineau, QC, Canada",07/08/2021,17.7,12.1,14.8,,,18.67,,15.7,35.3,,,85.18,Rain,2021-07-08T00:00:00-04:00,
"Gatineau, QC, Canada",07/09/2021,20.3,13.3,16.3,,,0.0,,9.4,,,,86.31,Clear,2021-07-09T00:00:00-04:00,
"Gatineau, QC, Canada",07/10/2021,26.1,11.0,18.5,,,0.0,,6.7,,,,72.05,Clear,2021-07-10T00:00:00-04:00,
"Gatineau, QC, Canada",07/11/2021,25.6,11.5,18.9,,,0.0,,8.7,,,,77.76,Clear,2021-07-11T00:00:00-04:00,
"Gatineau, QC, Canada",07/12/2021,27.3,14.9,21.1,,27.9,0.0,,12.5,29.5,,,76.73,Clear,2021-07-12T00:00:00-04:00,
"Gatineau, QC, Canada",07/13/2021,26.8,19.8,22.3,,28.9,46.64,,19.4,44.6,23.0,93.5,84.01,"Rain, Overcast",2021-07-13T00:00:00-04:00,
"Gatineau, QC, Canada",07/14/2021,24.9,20.0,21.7,,,3.92,,20.6,31.7,19.0,85.6,89.27,"Rain, Overcast",2021-07-14T00:00:00-04:00,
"Gatineau, QC, Canada",07/15/2021,28.3,17.9,23.6,,30.2,1.3,,22.5,35.3,22.7,58.1,77.95,"Rain, Partially cloudy",2021-07-15T00:00:00-04:00,
"Gatineau, QC, Canada",07/16/2021,25.0,17.9,21.7,,,0.3,,22.0,33.5,23.2,84.0,67.01,"Rain, Overcast",2021-07-16T00:00:00-04:00,
"Gatineau, QC, Canada",07/17/2021,24.8,15.4,20.0,,,0.0,,2.9,,,,84.71,Clear,2021-07-17T00:00:00-04:00,
"Gatineau, QC, Canada",07/18/2021,26.9,17.2,21.5,,27.8,0.0,,6.2,,,,81.19,Clear,2021-07-18T00:00:00-04:00,
"Gatineau, QC, Canada",07/19/2021,27.4,16.2,21.7,,28.9,0.0,,10.9,,,,82.43,Clear,2021-07-19T00:00:00-04:00,
"Gatineau, QC, Canada",07/20/2021,24.5,16.4,19.6,,,15.59,,12.0,27.7,,,88.57,Rain,2021-07-20T00:00:00-04:00,
"Gatineau, QC, Canada",07/21/2021,24.9,15.9,19.8,,,1.56,,18.5,33.5,24.0,60.1,66.83,"Rain, Partially cloudy",2021-07-21T00:00:00-04:00,
"Gatineau, QC, Canada",07/22/2021,24.3,12.9,18.2,,,0.0,,11.6,,,,71.38,Clear,2021-07-22T00:00:00-04:00,
"Gatineau, QC, Canada",07/23/2021,25.9,13.3,19.0,,,0.0,,8.7,,,,73.81,Clear,2021-07-23T00:00:00-04:00,
"Gatineau, QC, Canada",07/24/2021,25.0,13.0,19.4,,,0.0,,11.8,,,,77.53,Clear,2021-07-24T00:00:00-04:00,
"Gatineau, QC, Canada",07/25/2021,25.9,18.3,21.8,,,22.39,,17.0,37.1,,,81.9,Rain,2021-07-25T00:00:00-04:00,
"Gatineau, QC, Canada",07/26/2021,26.6,15.1,20.3,,,10.6,,13.0,,,,83.67,Rain,2021-07-26T00:00:00-04:00,
"Gatineau, QC, Canada",07/27/2021,17.7,12.8,15.7,,,6.43,,6.7,,,,93.66,Rain,2021-07-27T00:00:00-04:00,
"Gatineau, QC, Canada",07/28/2021,22.7,12.5,17.1,,,0.3,,7.6,,,,79.04,Rain,2021-07-28T00:00:00-04:00,
"Gatineau, QC, Canada",07/29/2021,18.6,11.8,15.2,,,6.44,,6.9,,,,93.12,Rain,2021-07-29T00:00:00-04:00,
"Gatineau, QC, Canada",07/30/2021,18.0,12.0,15.2,,,0.5,,19.9,35.3,,,74.03,Rain,2021-07-30T00:00:00-04:00,
"Gatineau, QC, Canada",07/31/2021,21.3,9.9,15.8,9.5,,0.0,,11.8,,,,69.3,Clear,2021-07-31T00:00:00-04:00,
"Gatineau, QC, Canada",08/01/2021,17.3,12.6,14.7,,,10.3,,7.6,,,,89.7,Rain,2021-08-01T00:00:00-04:00,
"Gatineau, QC, Canada",08/02/2021,23.0,13.6,17.2,,,0.6,,13.4,29.5,,,70.47,Rain,2021-08-02T00:00:00-04:00,
"Gatineau, QC, Canada",08/03/2021,25.0,11.9,18.7,,,0.0,,16.3,27.7,,,75.72,Clear,2021-08-03T00:00:00-04:00,
"Gatineau, QC, Canada",08/04/2021,26.9,13.8,19.9,,27.5,0.0,,8.7,,,,77.3,Clear,2021-08-04T00:00:00-04:00,
"Gatineau, QC, Canada",08/05/2021,27.4,12.8,20.6,,28.0,0.0,,4.7,,,,77.41,Clear,2021-08-05T00:00:00-04:00,
"Gatineau, QC, Canada",08/06/2021,29.2,15.4,22.2,,28.9,0.0,,14.1,31.7,,,70.81,Clear,2021-08-06T00:00:00-04:00,
"Gatineau, QC, Canada",08/07/2021,26.0,17.1,20.8,,,1.8,,11.6,,,,83.58,Rain,2021-08-07T00:00:00-04:00,
"Gatineau, QC, Canada",08/08/2021,26.4,16.5,21.2,,,0.0,,7.9,,,,84.17,Clear,2021-08-08T00:00:00-04:00,
"Gatineau, QC, Canada",08/09/2021,29.5,19.4,23.5,,32.6,14.5,,10.5,,,,84.79,Rain,2021-08-09T00:00:00-04:00,
"Gatineau, QC, Canada",08/10/2021,29.9,20.8,25.1,,33.3,14.87,,18.0,33.5,22.7,60.4,79.16,"Rain, Partially cloudy",2021-08-10T00:00:00-04:00,
"Gatineau, QC, Canada",08/11/2021,28.8,21.7,24.8,,32.6,0.61,,12.0,27.7,,,87.25,Rain,2021-08-11T00:00:00-04:00,
"Gatineau, QC, Canada",08/12/2021,27.4,21.7,24.5,,30.2,2.0,,16.3,35.3,,,84.11,Rain,2021-08-12T00:00:00-04:00,
"Gatineau, QC, Canada",08/13/2021,28.1,19.1,23.2,,31.2,17.7,,14.5,33.5,,,88.15,Rain,2021-08-13T00:00:00-04:00,
"Gatineau, QC, Canada",08/14/2021,23.8,15.4,20.2,,,0.0,,16.6,33.5,,,67.12,Clear,2021-08-14T00:00:00-04:00,
"Gatineau, QC, Canada",08/15/2021,23.0,9.3,16.2,,,0.0,,6.2,,,,72.41,Clear,2021-08-15T00:00:00-04:00,
"Gatineau, QC, Canada",08/16/2021,25.1,9.3,17.2,,,0.0,,8.2,,,,74.52,Clear,2021-08-16T00:00:00-04:00,
"Gatineau, QC, Canada",08/17/2021,22.4,13.7,18.5,,,0.0,,5.8,,,,91.47,Clear,2021-08-17T00:00:00-04:00,
"Gatineau, QC, Canada",08/18/2021,27.7,19.4,22.9,,30.2,0.0,,8.7,,,,88.5,Clear,2021-08-18T00:00:00-04:00,
"Gatineau, QC, Canada",08/19/2021,27.0,18.5,22.2,,29.1,1.0,,7.6,,,,90.85,Rain,2021-08-19T00:00:00-04:00,
"Gatineau, QC, Canada",08/20/2021,30.9,18.6,23.9,,33.3,0.0,,6.7,,,,82.79,Clear,2021-08-20T00:00:00-04:00,
"Gatineau, QC, Canada",08/21/2021,31.4,19.3,24.8,,35.7,0.0,,7.2,,,,83.19,Clear,2021-08-21T00:00:00-04:00,
"Gatineau, QC, Canada",08/22/2021,30.8,19.6,25.2,,34.2,0.0,,6.9,,,,80.7,Clear,2021-08-22T00:00:00-04:00,
"Gatineau, QC, Canada",08/23/2021,26.9,20.4,23.6,,28.7,0.0,,9.6,,,,82.92,Clear,2021-08-23T00:00:00-04:00,
"Gatineau, QC, Canada",08/24/2021,30.6,19.4,24.1,,30.6,0.6,,12.3,,,,76.04,Rain,2021-08-24T00:00:00-04:00,
"Gatineau, QC, Canada",08/25/2021,29.9,18.0,23.9,,32.0,0.0,,11.8,,,,79.34,Clear,2021-08-25T00:00:00-04:00,
"Gatineau, QC, Canada",08/26/2021,31.3,20.3,25.2,,31.4,0.0,,14.3,29.5,,,71.61,Clear,2021-08-26T00:00:00-04:00,
"Gatineau, QC, Canada",08/27/2021,22.1,16.4,19.0,,,0.0,,11.8,,,,63.01,Clear,2021-08-27T00:00:00-04:00,
"Gatineau, QC, Canada",08/28/2021,18.9,15.7,16.9,,,2.9,,9.0,,,,79.37,Rain,2021-08-28T00:00:00-04:00,
"Gatineau, QC, Canada",08/29/2021,23.5,16.4,19.7,,,38.38,,11.6,,,,94.96,Rain,2021-08-29T00:00:00-04:00,
"Gatineau, QC, Canada",08/30/2021,26.9,19.5,23.2,,27.2,1.5,,17.0,34.2,,,74.04,Rain,2021-08-30T00:00:00-04:00,
"Gatineau, QC, Canada",08/31/2021,24.5,15.7,19.4,,,0.0,,13.6,27.7,,,70.28,Clear,2021-08-31T00:00:00-04:00,
"Gatineau, QC, Canada",09/01/2021,21.8,11.1,16.2,,,0.0,,7.6,,,,69.6,Clear,2021-09-01T00:00:00-04:00,
"Gatineau, QC, Canada",09/02/2021,16.4,9.8,13.9,9.2,,0.0,,14.5,27.7,,,74.67,Clear,2021-09-02T00:00:00-04:00,
"Gatineau, QC, Canada",09/03/2021,20.9,12.9,16.7,,,0.0,,11.6,,,,76.5,Clear,2021-09-03T00:00:00-04:00,
"Gatineau, QC, Canada",09/04/2021,24.1,11.3,18.1,,,0.0,,11.0,,1014.4,0.0,66.92,Clear,2021-09-04T00:00:00-04:00,
"Gatineau, QC, Canada",09/05/2021,24.0,15.8,19.0,,,6.59,,18.3,35.3,1004.9,0.0,77.01,Rain,2021-09-05T00:00:00-04:00,
"Gatineau, QC, Canada",09/06/2021,21.0,13.5,16.8,,,2.5,,22.1,55.3,1004.8,0.0,79.26,Rain,2021-09-06T00:00:00-04:00,
"Gatineau, QC, Canada",09/07/2021,21.8,11.2,16.2,,,1.3,,10.5,,,,79.22,Rain,2021-09-07T00:00:00-04:00,
"Gatineau, QC, Canada",09/08/2021,22.5,16.0,18.0,,,23.6,,14.8,29.5,,,89.04,Rain,2021-09-08T00:00:00-04:00,
"Gatineau, QC, Canada",09/09/2021,21.9,12.7,16.7,,,0.3,,11.6,27.7,,,85.91,Rain,2021-09-09T00:00:00-04:00,
"Gatineau, QC, Canada",09/10/2021,19.5,12.1,15.0,,,0.3,,15.6,29.5,,,74.35,Rain,2021-09-10T00:00:00-04:00,
"Gatineau, QC, Canada",09/11/2021,22.5,10.2,16.8,,,0.0,,17.0,35.3,,,75.55,Clear,2021-09-11T00:00:00-04:00,
"Gatineau, QC, Canada",09/12/2021,21.6,13.7,18.4,,,3.1,,19.7,34.6,,,74.31,Rain,2021-09-12T00:00:00-04:00,
"Gatineau, QC, Canada",09/13/2021,19.6,11.3,15.1,,,0.0,,10.5,,,,76.84,Clear,2021-09-13T00:00:00-04:00,
"Gatineau, QC, Canada",09/14/2021,20.0,9.0,15.6,,,1.15,,18.1,33.5,1013.9,0.0,75.3,Rain,2021-09-14T00:00:00-04:00,
"Gatineau, QC, Canada",09/15/2021,21.0,12.8,17.8,,,20.37,,23.9,48.9,1011.0,0.0,79.74,Rain,2021-09-15T00:00:00-04:00,
"Gatineau, QC, Canada",09/16/2021,23.0,9.0,16.1,8.7,,0.0,,12.9,,1022.8,0.0,71.69,Clear,2021-09-16T00:00:00-04:00,
"Gatineau, QC, Canada",09/17/2021,26.0,10.7,18.4,,,0.0,,22.2,33.5,1021.0,0.0,79.56,Clear,2021-09-17T00:00:00-04:00,
"Gatineau, QC, Canada",09/18/2021,21.7,13.8,18.8,,,0.0,,18.3,37.5,1019.1,0.0,64.83,Clear,2021-09-18T00:00:00-04:00,
"Gatineau, QC, Canada",09/19/2021,20.7,9.8,14.4,8.9,,0.0,,11.1,,1023.9,0.0,66.49,Clear,2021-09-19T00:00:00-04:00,
"Gatineau, QC, Canada",09/20/2021,24.0,6.2,15.3,8.8,,0.0,,14.6,,1024.0,0.0,72.64,Clear,2021-09-20T00:00:00-04:00,
"Gatineau, QC, Canada",09/21/2021,21.9,13.9,18.6,,,0.0,,22.2,38.9,1021.0,0.0,72.02,Clear,2021-09-21T00:00:00-04:00,
"Gatineau, QC, Canada",09/22/2021,20.0,14.1,18.0,,,40.34,,12.9,,1014.4,0.0,91.74,Rain,2021-09-22T00:00:00-04:00,
"Gatineau, QC, Canada",09/23/2021,22.7,15.0,19.2,,,26.38,,18.2,29.5,1010.1,0.0,93.85,Rain,2021-09-23T00:00:00-04:00,
"Gatineau, QC, Canada",09/24/2021,17.0,12.9,15.4,,,3.68,,29.3,40.8,1012.8,0.0,79.32,Rain,2021-09-24T00:00:00-04:00,
"Gatineau, QC, Canada",09/25/2021,21.9,7.2,15.4,,,0.0,,14.7,,1013.5,0.0,72.64,Clear,2021-09-25T00:00:00-04:00,
"Gatineau, QC, Canada",09/26/2021,18.0,10.9,14.6,,,0.0,,20.4,40.6,1009.5,0.0,70.32,Clear,2021-09-26T00:00:00-04:00,
"Gatineau, QC, Canada",09/27/2021,16.0,9.9,13.0,9.6,,6.41,,12.8,,1007.5,0.0,88.54,Rain,2021-09-27T00:00:00-04:00,
"Gatineau, QC, Canada",09/28/2021,15.2,7.0,11.3,5.6,,0.0,,16.4,,1012.9,0.0,67.8,Clear,2021-09-28T00:00:00-04:00,
"Gatineau, QC, Canada",09/29/2021,13.8,7.7,11.0,7.7,,0.0,,18.3,31.3,1016.4,0.0,74.42,Clear,2021-09-29T00:00:00-04:00,
"Gatineau, QC, Canada",09/30/2021,16.0,8.0,11.6,6.1,,0.0,,14.7,,1021.1,0.0,75.85,Clear,2021-09-30T00:00:00-04:00,
"Gatineau, QC, Canada",10/01/2021,16.0,6.8,11.3,5.0,,0.0,,16.4,31.3,1021.6,0.0,77.92,Clear,2021-10-01T00:00:00-04:00,
"Gatineau, QC, Canada",10/02/2021,13.8,10.7,12.1,,,22.89,,12.8,,1015.5,0.0,96.4,Rain,2021-10-02T00:00:00-04:00,
"Gatineau, QC, Canada",10/03/2021,13.1,10.8,11.5,,,14.79,,16.3,,1015.2,0.0,93.81,Rain,2021-10-03T00:00:00-04:00,
"Gatineau, QC, Canada",10/04/2021,17.2,9.0,13.1,7.0,,1.05,,20.4,31.7,1017.6,0.0,78.89,Rain,2021-10-04T00:00:00-04:00,
"Gatineau, QC, Canada",10/05/2021,19.2,10.3,15.0,,,0.0,,16.4,,1024.3,0.0,77.23,Clear,2021-10-05T00:00:00-04:00,
"Gatineau, QC, Canada",10/06/2021,21.1,7.8,13.2,,,0.0,,5.4,,1028.0,0.0,83.29,Clear,2021-10-06T00:00:00-04:00,
"Gatineau, QC, Canada",10/07/2021,20.1,6.8,13.0,,,0.0,,14.7,,1024.3,0.0,85.45,Clear,2021-10-07T00:00:00-04:00,
"Gatineau, QC, Canada",10/08/2021,22.1,6.8,14.7,,,0.0,,12.9,,1021.0,0.0,78.42,Clear,2021-10-08T00:00:00-04:00,
"Gatineau, QC, Canada",10/09/2021,19.9,10.9,15.2,,,0.0,,14.7,,1021.4,0.0,80.41,Clear,2021-10-09T00:00:00-04:00,
"Gatineau, QC, Canada",10/10/2021,19.0,12.9,15.6,,,10.08,,14.7,,1020.1,0.0,83.55,Rain,2021-10-10T00:00:00-04:00,
"Gatineau, QC, Canada",10/11/2021,22.9,14.2,17.3,,,0.0,,16.5,,1017.3,0.0,79.99,Clear,2021-10-11T00:00:00-04:00,
"Gatineau, QC, Canada",10/12/2021,24.0,12.2,17.1,,,1.05,,12.9,,1016.3,0.0,81.82,Rain,2021-10-12T00:00:00-04:00,
"Gatineau, QC, Canada",10/13/2021,20.1,12.9,16.8,,,5.54,,7.6,,1013.6,0.0,93.1,Rain,2021-10-13T00:00:00-04:00,
"Gatineau, QC, Canada",10/14/2021,21.8,15.9,17.7,,,1.05,,11.1,,1013.1,0.0,88.24,Rain,2021-10-14T00:00:00-04:00,
"Gatineau, QC, Canada",10/15/2021,20.0,15.8,17.6,,,3.11,,9.3,,1009.4,0.0,89.26,Rain,2021-10-15T00:00:00-04:00,
"Gatineau, QC, Canada",10/16/2021,18.2,10.9,15.7,,,52.38,,20.5,40.6,1000.9,0.0,92.45,Rain,2021-10-16T00:00:00-04:00,
"Gatineau, QC, Canada",10/17/2021,12.0,7.0,9.3,4.9,,0.51,,22.2,36.2,1006.6,0.0,83.97,Rain,2021-10-17T00:00:00-04:00,
"Gatineau, QC, Canada",10/18/2021,10.0,6.8,8.0,3.9,,0.0,,20.5,31.5,1010.9,0.0,73.37,Clear,2021-10-18T00:00:00-04:00,
"Gatineau, QC, Canada",10/19/2021,17.0,4.8,9.0,1.6,,0.0,,16.4,,1011.1,0.0,72.22,Clear,2021-10-19T00:00:00-04:00,
"Gatineau, QC, Canada",10/20/2021,19.2,6.1,13.3,4.6,,0.0,,12.9,,1011.6,0.0,77.9,Clear,2021-10-20T00:00:00-04:00,
"Gatineau, QC, Canada",10/21/2021,15.7,9.9,12.2,8.6,,10.98,,11.1,,1009.0,0.0,87.16,Rain,2021-10-21T00:00:00-04:00,
"Gatineau, QC, Canada",10/22/2021,13.8,2.0,6.4,0.0,,8.68,,27.5,38.8,1011.5,0.0,77.47,Rain,2021-10-22T00:00:00-04:00,
"Gatineau, QC, Canada",10/23/2021,8.1,0.9,4.1,-1.6,,0.0,,12.8,,1016.1,0.0,71.46,Clear,2021-10-23T00:00:00-04:00,
"Gatineau, QC, Canada",10/24/2021,12.0,1.2,6.6,1.8,,0.0,,9.3,,1018.6,0.0,70.21,Clear,2021-10-24T00:00:00-04:00,
"Gatineau, QC, Canada",10/25/2021,7.7,3.7,5.8,1.4,,5.16,,29.3,46.1,1017.3,0.0,79.38,Rain,2021-10-25T00:00:00-04:00,
"Gatineau, QC, Canada",10/26/2021,9.9,5.0,7.8,1.8,,29.85,,18.3,29.5,,,93.24,Rain,2021-10-26T00:00:00-04:00,
"Gatineau, QC, Canada",10/27/2021,13.9,5.9,9.3,3.6,,1.0,,16.5,,,,68.68,Rain,2021-10-27T00:00:00-04:00,
